<?xml version="1.0" encoding="UTF-8" standalone="yes"?>
<notifications><notification type="string" category="session_start" mail="" ip="58nYs/7v/ZWjFV555+MzI8zNtFaEa5vEfhmt+rCaUVk=" date="1394227947"/><notification type="string" category="session_start" mail="" ip="CZ3E6tOeX4ZJB/+aQW2tVdANRXL7jBZPHLzh/hyJba0=" date="1394228197"/><notification type="string" category="session_start" mail="" ip="CZ3E6tOeX4ZJB/+aQW2tVdANRXL7jBZPHLzh/hyJba0=" date="1396310168"/><notification type="string" category="session_start" mail="" ip="tvPH7+xMXd3Ov8kPWj46VqQvwqTllgShe323PBjKM58=" date="1400547696"/><notification type="string" category="session_start" mail="" ip="MUzFxZDY6ZgENgl5Nc4CKxvOq+ppwns1F5p1lrhXRos=" date="1441243826"/><notification type="string" category="session_start" mail="" ip="lHgBgup2WZlvX1Pa8pVn8IftXDg7MVwHpEK+j3n82wI=" date="1441246838"/><notification type="string" category="session_start" mail="" ip="lHgBgup2WZlvX1Pa8pVn8IftXDg7MVwHpEK+j3n82wI=" date="1441668079"/><notification type="string" category="session_start" mail="" ip="btEpOgPndjwpmfwoJqWs8YhusCV5Eirx6i/sQ8/BL2Y=" date="1501093310"></notification></notifications>
