<?xml version="1.0" encoding="UTF-8" standalone="yes"?>
<post><type type="string">simple</type><title type="string">Welcome to Nibbleblog</title><content type="string">&lt;h1&gt;Lorem ipsum dolor sit amet&lt;/h1&gt;&#13;
&lt;p&gt;ea tibique disputando qui. Utroque laboramus percipitur sea id, no oporteat constituto mea? Dico iracundia mnesarchum cum an, cu vidit albucius prodesset his. Facer primis essent ut quo, ea vivendo legendos assueverit vel, ne sed nonumes percipitur? No usu agam volutpat!&lt;/p&gt;&#13;
&lt;h2&gt;An mutat docendi quo&lt;/h2&gt;&#13;
&lt;p&gt;nusquam apeirian constituam ius cu? Et mel eripuit noluisse scriptorem, habeo dissentiet te qui, at veniam impedit deterruisset eam. Ne mollis aliquam sea, te vis tation inimicus ullamcorper, cum illum invenire id? Nam causae euripidis necessitatibus ex. Case ferri graece at vix. Usu platonem mediocritatem id, ullum salutatus at sed.&lt;/p&gt;&#13;
&lt;ol&gt;&#13;
&lt;li&gt;&lt;strong&gt;Graecis explicari vim cu&lt;/strong&gt;. Vim simul tibique in, bonorum officiis maluisset eam an? Ut senserit argumentum pri, mei ut unum tollit labores. Mea tation nusquam detracto et. Ius quis disputationi an!&lt;/li&gt;&#13;
&lt;li&gt;&lt;strong&gt;Cu ignota inermis pri&lt;/strong&gt;. Percipit sadipscing eu has. Ipsum laoreet suscipiantur nam in, ius probo rebum explicari cu. Doming aliquam tractatos usu in, sea tation feugiat adversarium te, at modus virtute antiopam per. Sit at ipsum atqui viderer, te vim dolores volutpat constituam.&lt;/li&gt;&#13;
&lt;/ol&gt;&#13;
&lt;p&gt;Eum malorum appellantur in, qui ad contentiones consequuntur interpretaris. Cu aeque gloriatur scriptorem vim! Fugit admodum sed ne? Natum scripta intellegebat sit ut, aeque forensibus ei eam. Mazim delicata ius id, usu at idque delicata perpetua. Mollis vidisse reprimique te has, oblique graecis voluptaria vis in. Sed ea aliquam indoctum, duo at hinc mucius, ex iudicabit consulatu mel.&lt;/p&gt;&#13;
&lt;p&gt;Eu nisl debet convenire nam, et epicurei periculis democritum est, nam eu stet elitr oratio. Eam iriure virtute equidem in, ei summo officiis dignissim nec! Et nam soleat fuisset, doming fastidii voluptatum ea ius, errem volutpat cum eu! Ex detracto assueverit cum. An eos graeco utamur, veri audire his no. Possit dissentias ei mei, quidam efficiantur delicatissimi est id, vel iuvaret adipisci mnesarchum id.&lt;/p&gt;&#13;
&lt;pre&gt;git clone [git-repo-url] nibbleblog&lt;br /&gt;cd nibbleblog&lt;br /&gt;npm i -d&lt;br /&gt;mkdir -p public/files/{md,html,pdf}&lt;/pre&gt;&#13;
&lt;p&gt;An mutat docendi quo, nusquam apeirian constituam ius cu? Et mel eripuit noluisse scriptorem, habeo dissentiet te qui, at veniam impedit deterruisset eam. Ne mollis aliquam sea, te vis tation inimicus ullamcorper, cum illum invenire id? Nam causae euripidis necessitatibus ex. Case ferri graece at vix. Usu platonem mediocritatem id, ullum salutatus at sed.&lt;/p&gt;&#13;
&lt;p&gt;Graecis explicari vim cu. Vim simul tibique in, bonorum officiis maluisset eam an? Ut senserit argumentum pri, mei ut unum tollit labores. Mea tation nusquam detracto et. Ius quis disputationi an!&lt;/p&gt;&#13;
&lt;pre&gt;&lt;code data-language="php"&gt;&amp;lt;?php&#13;
	echo "Hello Nibbleblog";&#13;
	$tmp = array(1,2,3);&#13;
	foreach($tmp as $number)&#13;
		echo $number;&#13;
?&amp;gt;&lt;/code&gt;&lt;/pre&gt;&#13;
&lt;h2&gt;How to install Git&lt;/h2&gt;&#13;
&lt;p&gt;An mutat docendi quo, nusquam apeirian constituam ius cu? Et mel eripuit noluisse scriptorem, habeo dissentiet te qui, at veniam impedit deterruisset eam. Ne mollis aliquam sea, te vis tation inimicus ullamcorper, cum illum invenire id? Nam causae euripidis necessitatibus ex. Case ferri graece at vix. Usu platonem mediocritatem id, ullum salutatus at sed.&lt;/p&gt;&#13;
&lt;pre class="nb-console"&gt;sudo yum install git&lt;/pre&gt;&#13;
&lt;p&gt;An mutat docendi quo, nusquam apeirian constituam ius cu? Et mel eripuit noluisse scriptorem, habeo dissentiet te qui, at veniam impedit deterruisset eam. Ne mollis aliquam sea, te vis tation inimicus ullamcorper.&lt;/p&gt;</content><description type="string">My super blog</description><allow_comments type="string">1</allow_comments><pub_date type="integer">1391376993</pub_date><mod_date type="string">1392931990</mod_date><visits type="string">0</visits></post>
