<?xml version="1.0" encoding="UTF-8" standalone="yes"?>
<post><type type="string">simple</type><title type="string">Echo the dog</title><content type="string">&lt;p&gt;&lt;img src="/content/public/upload/1622726102021256471156421228504370n_0_o.jpg" alt="undefined" /&gt;&lt;/p&gt;</content><description type="string">Echo the dog, my bull terrier</description><allow_comments type="integer">1</allow_comments><pub_date type="integer">1441151951</pub_date><mod_date type="string">1441246918</mod_date><visits type="string">0</visits></post>
